{
  "Probe 1": [
    27.8562648098695,
    32.22683935662067,
    43.76882113384229,
    42.83454014512343,
    45.88469291591168,
    54.293295372040824,
    56.907333203947225,
    66.65647669187909,
    75.71663196956818,
    84.30075018601879,
    84.52042963940112,
    90.69386058280095,
    101.48985386462927,
    108.00605202282591,
    108.13048189384317,
    110.26708597901671,
    110.65729656737996,
    119.64092640828234,
    120.12752499086803
  ],
  "Probe 2": [
    23.67995475710937,
    27.313813505961285,
    38.952137011166855,
    43.8146262609798,
    45.94714106979451,
    48.08112402602448,
    56.032465304395615,
    61.47215998626198,
    61.66668739791075,
    63.24682934660312,
    70.06328342546816,
    74.91812401496941,
    75.18916030279364,
    82.89470552965524,
    83.14961467968814,
    87.58222151002211,
    87.87694887207137,
    89.13288947300595,
    89.43793190707918,
    95.37554696362753,
    95.71327474835985,
    101.7102467156155,
    102.01437681276039,
    108.12271963727271,
    108.54911379998661,
    113.121389594899,
    114.80763027058792,
    115.26244802776735,
    122.39805853819723,
    121.86068193029891,
    113.54648436890793
  ],
  "Probe 3": [
    27.110134789205695,
    38.66850176796948,
    42.963644247885114,
    55.795227469901874,
    69.7969671128722,
    82.72383158107195,
    95.17663717242702,
    107.79781782769878,
    108.1991775706971,
    121.53817304039679,
    122.06225773373683
  ]
}